{
  "episode": 5,
  "agent_stats": {
    "steps": 1200,
    "episodes": 0,
    "epsilon": 0.7744209942832988,
    "buffer_size": 1200,
    "total_reward": 1.5604231818181415,
    "avg_loss": 0.372752397054496
  },
  "config": {
    "num_episodes": 100,
    "max_steps_per_episode": 200,
    "eval_frequency": 20,
    "eval_episodes": 10,
    "early_stopping_patience": 30,
    "min_improvement": 0.01,
    "warmup_episodes": 10,
    "lr_decay_rate": 0.999,
    "min_lr": 1e-05,
    "checkpoint_dir": "checkpoints/rl",
    "save_frequency": 100,
    "keep_last_n": 5,
    "log_frequency": 20,
    "tensorboard_dir": null,
    "train_data_ratio": 0.8,
    "validation_data_ratio": 0.1,
    "shuffle_episodes": true,
    "initial_capital": 100000,
    "max_position_size": 0.2,
    "transaction_cost": 0.001,
    "reward_scale": 1.0,
    "risk_penalty": 0.1,
    "drawdown_penalty": 0.5,
    "use_curriculum": true,
    "curriculum_stages": 3
  },
  "agent_config": {
    "state_dim": 17,
    "action_dim": 8,
    "hidden_dims": [
      128,
      64,
      32
    ],
    "learning_rate": 0.001,
    "gamma": 0.99,
    "epsilon_start": 1.0,
    "epsilon_end": 0.01,
    "epsilon_decay": 0.995,
    "buffer_size": 100000,
    "batch_size": 64,
    "min_buffer_size": 1000,
    "target_update_freq": 100,
    "train_freq": 4,
    "profit_reward_scale": 1.0,
    "risk_penalty_scale": 0.5,
    "holding_cost": 0.001,
    "transaction_cost": 0.002
  },
  "best_reward": 10.27542999999998,
  "training_history": [
    {
      "episode": 0,
      "total_reward": -8.525840000000047,
      "avg_reward": -0.042629200000000235,
      "portfolio_value": 91834.15999999997,
      "max_drawdown": 6.601413793677317,
      "sharpe_ratio": -1.829151561885239,
      "win_rate": 0.185,
      "num_trades": 177,
      "epsilon": 1.0,
      "loss": 0.0,
      "steps": 200,
      "duration_seconds": 0.0382387638092041
    },
    {
      "episode": 1,
      "total_reward": 0.1894349999999964,
      "avg_reward": 0.0009471749999999821,
      "portfolio_value": 105192.38999999998,
      "max_drawdown": 1.26653292405328,
      "sharpe_ratio": 0.01314818726134708,
      "win_rate": 0.15,
      "num_trades": 176,
      "epsilon": 1.0,
      "loss": 0.0,
      "steps": 200,
      "duration_seconds": 0.00936126708984375
    },
    {
      "episode": 2,
      "total_reward": 2.915248181818188,
      "avg_reward": 0.01457624090909094,
      "portfolio_value": 103407.17999999996,
      "max_drawdown": 2.510589540357507,
      "sharpe_ratio": 2.124444728874563,
      "win_rate": 0.21,
      "num_trades": 181,
      "epsilon": 1.0,
      "loss": 0.0,
      "steps": 200,
      "duration_seconds": 0.026430368423461914
    },
    {
      "episode": 3,
      "total_reward": 2.3481700000000094,
      "avg_reward": 0.011740850000000047,
      "portfolio_value": 102638.16999999998,
      "max_drawdown": 5.907666668681188,
      "sharpe_ratio": 0.9548336458198734,
      "win_rate": 0.175,
      "num_trades": 179,
      "epsilon": 1.0,
      "loss": 0.0,
      "steps": 200,
      "duration_seconds": 0.016978025436401367
    },
    {
      "episode": 4,
      "total_reward": -5.642019999999997,
      "avg_reward": -0.028210099999999984,
      "portfolio_value": 94877.98,
      "max_drawdown": 374.01956188797686,
      "sharpe_ratio": -0.7405572270953678,
      "win_rate": 0.165,
      "num_trades": 172,
      "epsilon": 0.995,
      "loss": 0.065976662362502,
      "steps": 200,
      "duration_seconds": 1.9394021034240723
    },
    {
      "episode": 5,
      "total_reward": 10.27542999999998,
      "avg_reward": 0.0513771499999999,
      "portfolio_value": 112160.47,
      "max_drawdown": 1.1455203183082554,
      "sharpe_ratio": 1.4830021339234156,
      "win_rate": 0.15,
      "num_trades": 162,
      "epsilon": 0.7744209942832988,
      "loss": 0.37888791174833586,
      "steps": 200,
      "duration_seconds": 114.35457062721252
    }
  ]
}