{
  "episode": 4,
  "agent_stats": {
    "steps": 1000,
    "episodes": 0,
    "epsilon": 0.995,
    "buffer_size": 1000,
    "total_reward": -7.917341138613872,
    "avg_loss": 0.1486070593973015
  },
  "config": {
    "num_episodes": 100,
    "max_steps_per_episode": 200,
    "eval_frequency": 20,
    "eval_episodes": 10,
    "early_stopping_patience": 30,
    "min_improvement": 0.01,
    "warmup_episodes": 10,
    "lr_decay_rate": 0.999,
    "min_lr": 1e-05,
    "checkpoint_dir": "checkpoints/rl",
    "save_frequency": 100,
    "keep_last_n": 5,
    "log_frequency": 20,
    "tensorboard_dir": null,
    "train_data_ratio": 0.8,
    "validation_data_ratio": 0.1,
    "shuffle_episodes": true,
    "initial_capital": 100000,
    "max_position_size": 0.2,
    "transaction_cost": 0.001,
    "reward_scale": 1.0,
    "risk_penalty": 0.1,
    "drawdown_penalty": 0.5,
    "use_curriculum": true,
    "curriculum_stages": 3
  },
  "agent_config": {
    "state_dim": 17,
    "action_dim": 8,
    "hidden_dims": [
      128,
      64,
      32
    ],
    "learning_rate": 0.001,
    "gamma": 0.99,
    "epsilon_start": 1.0,
    "epsilon_end": 0.01,
    "epsilon_decay": 0.995,
    "buffer_size": 100000,
    "batch_size": 64,
    "min_buffer_size": 1000,
    "target_update_freq": 100,
    "train_freq": 4,
    "profit_reward_scale": 1.0,
    "risk_penalty_scale": 0.5,
    "holding_cost": 0.001,
    "transaction_cost": 0.002
  },
  "best_reward": 2.763359999999992,
  "training_history": [
    {
      "episode": 0,
      "total_reward": 2.110785000000026,
      "avg_reward": 0.01055392500000013,
      "portfolio_value": 102360.78500000002,
      "max_drawdown": 27.15749467449427,
      "sharpe_ratio": 0.2944258861847199,
      "win_rate": 0.145,
      "num_trades": 170,
      "epsilon": 1.0,
      "loss": 0.0,
      "steps": 200,
      "duration_seconds": 0.0032956600189208984
    },
    {
      "episode": 1,
      "total_reward": -0.06850999999999811,
      "avg_reward": -0.00034254999999999057,
      "portfolio_value": 100321.49000000008,
      "max_drawdown": 2.8999121771664327,
      "sharpe_ratio": -0.02809729493900955,
      "win_rate": 0.19,
      "num_trades": 180,
      "epsilon": 1.0,
      "loss": 0.0,
      "steps": 200,
      "duration_seconds": 0.0038084983825683594
    },
    {
      "episode": 2,
      "total_reward": 1.5656538613861395,
      "avg_reward": 0.007828269306930697,
      "portfolio_value": 106506.4899999999,
      "max_drawdown": 0.9021802616012984,
      "sharpe_ratio": 0.21717536329758078,
      "win_rate": 0.135,
      "num_trades": 184,
      "epsilon": 1.0,
      "loss": 0.0,
      "steps": 200,
      "duration_seconds": 0.003634214401245117
    },
    {
      "episode": 3,
      "total_reward": -14.288630000000017,
      "avg_reward": -0.07144315000000008,
      "portfolio_value": 86061.36999999992,
      "max_drawdown": 62.10168646133476,
      "sharpe_ratio": -1.8454475465835274,
      "win_rate": 0.095,
      "num_trades": 173,
      "epsilon": 1.0,
      "loss": 0.0,
      "steps": 200,
      "duration_seconds": 0.004807472229003906
    },
    {
      "episode": 4,
      "total_reward": 2.763359999999992,
      "avg_reward": 0.01381679999999996,
      "portfolio_value": 103023.35999999996,
      "max_drawdown": 1.6419355742907922,
      "sharpe_ratio": 0.47378205438731646,
      "win_rate": 0.15,
      "num_trades": 177,
      "epsilon": 0.995,
      "loss": 0.1486070593973015,
      "steps": 200,
      "duration_seconds": 0.4992868900299072
    }
  ]
}