{
  "episode": 11,
  "agent_stats": {
    "steps": 2400,
    "episodes": 0,
    "epsilon": 0.17214774642209296,
    "buffer_size": 2400,
    "total_reward": 12.859236315931577,
    "avg_loss": 0.17581389355747284
  },
  "config": {
    "num_episodes": 100,
    "max_steps_per_episode": 200,
    "eval_frequency": 20,
    "eval_episodes": 10,
    "early_stopping_patience": 30,
    "min_improvement": 0.01,
    "warmup_episodes": 10,
    "lr_decay_rate": 0.999,
    "min_lr": 1e-05,
    "checkpoint_dir": "checkpoints/rl",
    "save_frequency": 100,
    "keep_last_n": 5,
    "log_frequency": 20,
    "tensorboard_dir": null,
    "train_data_ratio": 0.8,
    "validation_data_ratio": 0.1,
    "shuffle_episodes": true,
    "initial_capital": 100000,
    "max_position_size": 0.2,
    "transaction_cost": 0.001,
    "reward_scale": 1.0,
    "risk_penalty": 0.1,
    "drawdown_penalty": 0.5,
    "use_curriculum": true,
    "curriculum_stages": 3
  },
  "agent_config": {
    "state_dim": 17,
    "action_dim": 8,
    "hidden_dims": [
      128,
      64,
      32
    ],
    "learning_rate": 0.001,
    "gamma": 0.99,
    "epsilon_start": 1.0,
    "epsilon_end": 0.01,
    "epsilon_decay": 0.995,
    "buffer_size": 100000,
    "batch_size": 64,
    "min_buffer_size": 1000,
    "target_update_freq": 100,
    "train_freq": 4,
    "profit_reward_scale": 1.0,
    "risk_penalty_scale": 0.5,
    "holding_cost": 0.001,
    "transaction_cost": 0.002
  },
  "best_reward": 19.404873999999992,
  "training_history": [
    {
      "episode": 0,
      "total_reward": 2.110785000000026,
      "avg_reward": 0.01055392500000013,
      "portfolio_value": 102360.78500000002,
      "max_drawdown": 27.15749467449427,
      "sharpe_ratio": 0.2944258861847199,
      "win_rate": 0.145,
      "num_trades": 170,
      "epsilon": 1.0,
      "loss": 0.0,
      "steps": 200,
      "duration_seconds": 0.0032956600189208984
    },
    {
      "episode": 1,
      "total_reward": -0.06850999999999811,
      "avg_reward": -0.00034254999999999057,
      "portfolio_value": 100321.49000000008,
      "max_drawdown": 2.8999121771664327,
      "sharpe_ratio": -0.02809729493900955,
      "win_rate": 0.19,
      "num_trades": 180,
      "epsilon": 1.0,
      "loss": 0.0,
      "steps": 200,
      "duration_seconds": 0.0038084983825683594
    },
    {
      "episode": 2,
      "total_reward": 1.5656538613861395,
      "avg_reward": 0.007828269306930697,
      "portfolio_value": 106506.4899999999,
      "max_drawdown": 0.9021802616012984,
      "sharpe_ratio": 0.21717536329758078,
      "win_rate": 0.135,
      "num_trades": 184,
      "epsilon": 1.0,
      "loss": 0.0,
      "steps": 200,
      "duration_seconds": 0.003634214401245117
    },
    {
      "episode": 3,
      "total_reward": -14.288630000000017,
      "avg_reward": -0.07144315000000008,
      "portfolio_value": 86061.36999999992,
      "max_drawdown": 62.10168646133476,
      "sharpe_ratio": -1.8454475465835274,
      "win_rate": 0.095,
      "num_trades": 173,
      "epsilon": 1.0,
      "loss": 0.0,
      "steps": 200,
      "duration_seconds": 0.004807472229003906
    },
    {
      "episode": 4,
      "total_reward": 2.763359999999992,
      "avg_reward": 0.01381679999999996,
      "portfolio_value": 103023.35999999996,
      "max_drawdown": 1.6419355742907922,
      "sharpe_ratio": 0.47378205438731646,
      "win_rate": 0.15,
      "num_trades": 177,
      "epsilon": 0.995,
      "loss": 0.1486070593973015,
      "steps": 200,
      "duration_seconds": 0.4992868900299072
    },
    {
      "episode": 5,
      "total_reward": 1.072963454545464,
      "avg_reward": 0.00536481727272732,
      "portfolio_value": 103954.12000000001,
      "max_drawdown": 30.768558909586993,
      "sharpe_ratio": 0.40373081265268984,
      "win_rate": 0.17,
      "num_trades": 166,
      "epsilon": 0.7744209942832988,
      "loss": 0.28153627145992255,
      "steps": 200,
      "duration_seconds": 28.750977277755737
    },
    {
      "episode": 6,
      "total_reward": 1.4630399999999963,
      "avg_reward": 0.007315199999999982,
      "portfolio_value": 101573.04,
      "max_drawdown": 223.37653679711022,
      "sharpe_ratio": 1.3037119067984835,
      "win_rate": 0.18,
      "num_trades": 153,
      "epsilon": 0.6027415843082742,
      "loss": 0.22403827672732451,
      "steps": 200,
      "duration_seconds": 25.877270221710205
    },
    {
      "episode": 7,
      "total_reward": -2.6385899999999967,
      "avg_reward": -0.013192949999999983,
      "portfolio_value": 97381.40999999997,
      "max_drawdown": 2.010884299125402,
      "sharpe_ratio": -0.8892498545697818,
      "win_rate": 0.135,
      "num_trades": 130,
      "epsilon": 0.46912134373457726,
      "loss": 0.25909917864640086,
      "steps": 200,
      "duration_seconds": 24.441495418548584
    },
    {
      "episode": 8,
      "total_reward": 1.2771699999999888,
      "avg_reward": 0.006385849999999944,
      "portfolio_value": 101277.1700000001,
      "max_drawdown": 0.5922151951533445,
      "sharpe_ratio": 1.3195334729400185,
      "win_rate": 0.2,
      "num_trades": 141,
      "epsilon": 0.36512303261753626,
      "loss": 0.19040493939478245,
      "steps": 200,
      "duration_seconds": 29.091856241226196
    },
    {
      "episode": 9,
      "total_reward": -2.054269999999996,
      "avg_reward": -0.01027134999999998,
      "portfolio_value": 97985.72999999998,
      "max_drawdown": 4.1807179074526974,
      "sharpe_ratio": -1.6828968115506986,
      "win_rate": 0.195,
      "num_trades": 122,
      "epsilon": 0.28417984116121187,
      "loss": 0.2166178686103638,
      "steps": 200,
      "duration_seconds": 26.611705541610718
    },
    {
      "episode": 10,
      "total_reward": 2.251389999999998,
      "avg_reward": 0.01125694999999999,
      "portfolio_value": 102261.39000000001,
      "max_drawdown": 0.5514409152602174,
      "sharpe_ratio": 4.481299503439157,
      "win_rate": 0.375,
      "num_trades": 140,
      "epsilon": 0.2211807388415433,
      "loss": 0.17309676889604728,
      "steps": 200,
      "duration_seconds": 30.591967344284058
    },
    {
      "episode": 11,
      "total_reward": 19.404873999999992,
      "avg_reward": 0.09702436999999996,
      "portfolio_value": 119684.68999999996,
      "max_drawdown": 0.26528753250098275,
      "sharpe_ratio": 3.4398299554455045,
      "win_rate": 0.29,
      "num_trades": 110,
      "epsilon": 0.17214774642209296,
      "loss": 0.1785310182188985,
      "steps": 200,
      "duration_seconds": 27.070706129074097
    }
  ]
}